<?xml version="1.0" encoding="UTF-8" ?>
<maxml version="2.0" xmlns="http://www.nj.fiberhome.com.cn/map"
	xmlns:xsi="http://www.w3.org/2001/XMLSchema-instance"
	xsi:schemaLocation="http://www.nj.fiberhome.com.cn/map maxml-2.0.xsd">
	<config>
	    <htmlformat wellformat="true" />
	    <filepreviewconfig wordtohtml="true"/>
	    <!--测试环境地址-->
	    <!--<domain address="10.160.2.187:9080" name="vpsoft"/>-->
	    <!--生产环境地址-->
	    <!--<domain address="10.32.0.139:8088" name="vpsoft"/>-->
	    <!--本地环境地址-->
	    <domain address="127.0.0.1:8080" name="vpsoft"/>
	</config>
	<route baseaddr="http://">
		<forward pattern="login" path="login.jsp" />
		<forward pattern="homepage" path="homepage.jsp" />
		<forward pattern="searchFlowList" path="searchflowlist.jsp" />
		<forward pattern="yclsearch" path="yclsearch.jsp" />
		<forward pattern="ycllcAction" path="ycllcaction.jsp" />
		<forward pattern="getDepUser" path="getdepuser.jsp" />
		<forward pattern="changeUser" path="changeuser.jsp" />
		<forward pattern="getFlowInfo" path="getflowinfo.jsp" />
		<forward pattern="getStepUserList" path="getstepuserlist.jsp" />
		<forward pattern="searchUser" path="searchuser.jsp" />
		<forward pattern="getValueBysql" path="getvaluebysql.jsp" />
		<forward pattern="getCfgWfsStepId" path="getcfgwfsstepid.jsp" />
		<forward pattern="saveCfgFormAction" path="savecfgformaction.jsp" />
		<forward pattern="savesfddzy" path="savesfddzy.jsp" />
		<forward pattern="searchFlowSomeInfo" path="searchflowsomeinfo.jsp" />
		<forward pattern="setwf" path="setwf.jsp" />
		<forward pattern="getFilePath" path="getfilepath.jsp" />
		<forward pattern="flowInfoAction" path="flowinfoaction.jsp" />
		<forward pattern="wokFlowHandle" path="wokflowhandle.jsp" />
		<forward pattern="AnnotateInfoAction" path="annotateinfoaction.jsp" />
		<forward pattern="saveAnnotateInfo" path="saveannotateinfo.jsp" />
		<forward pattern="saveCommenting" path="savecommenting.jsp" />
		<forward pattern="setPreUserData" path="setpreuserdata.jsp" />
		<forward pattern="getAnnotInfoForTouchMove" path="getannotinfofortouchmove.jsp" />
		<forward pattern="changePJStat" path="changepjstat.jsp" />
		<forward pattern="saveSxresult" path="savesxresult.jsp" />
		<forward pattern="updatePhasedate" path="updatephasedate.jsp" />
		<forward pattern="updateToPjInfo" path="updatetopjinfo.jsp" />
		<forward pattern="getXmInfo2" path="getxminfo2.jsp" />
		<forward pattern="getNextStepId" path="getnextstepid.jsp" />
		<forward pattern="getWfyydb" path="getwfyydb.jsp" />
		<forward pattern="getysywbzz" path="getysywbzz.jsp" />
		<forward pattern="getyskfbld" path="getyskfbld.jsp" />
		<forward pattern="sendMsgAction" path="sendmsgaction.jsp" />
		<forward pattern="getyyzzve" path="getyyzzve.jsp" />
		<forward pattern="getmsftbxm" path="getmsftbxm.jsp" />
	</route>
</maxml>